INSERT INTO `t_user` (`U_NAME`, `U_NICKNAME`, `U_LOGIN_ID`, `U_PASSWORD`, `U_AGE`, `U_SEX`, `U_REGIST_TIME`, `U_REGIST_IP`, `U_EMAIL`, `U_PHONE`, `CREATETIME`, `CREATEUSER`, `UPDATETIME`, `UPDATEUSER`) VALUES ('test', 'testnick', 'loginid', 'pwd', '10', '0', '2018-05-18 00:00:00', '0', 'a@a.com', '1555555555', '2018-05-18 00:00:00', 'admin', '2018-05-18 00:00:00', 'admin');

INSERT INTO `t_audio` (`ID_AUDIO`, `ID_CATEGORY`, `ID_AUTHOR`, `ID_SOURCE`, `A_NAME`, `A_E_NAME`, `A_COVER`, `A_TRACKS`, `A_SIZE`, `A_RECOMMEND`, `CREATETIME`, `CREATEUSER`, `UPDATETIME`, `UPDATEUSER`, `IS_ACTIVE`) VALUES ('1', '0', '0', '0', '测试音频1', 'Test Audio 1', '', '5', '0', '', '2018-7-15 00:00:00', 'admin', '2018-7-15 00:00:00', 'admin', '1');
INSERT INTO `t_audio` (`ID_AUDIO`, `ID_CATEGORY`, `ID_AUTHOR`, `ID_SOURCE`, `A_NAME`, `A_E_NAME`, `A_COVER`, `A_TRACKS`, `A_SIZE`, `A_RECOMMEND`, `CREATETIME`, `CREATEUSER`, `UPDATETIME`, `UPDATEUSER`, `IS_ACTIVE`) VALUES ('2', '0', '1', '0', '测试音频2', 'Test Audio 2', '', '4', '0', '', '2018-7-15 00:00:00', 'admin', '2018-7-15 00:00:00', 'admin', '1');
INSERT INTO `t_audio` (`ID_AUDIO`, `ID_CATEGORY`, `ID_AUTHOR`, `ID_SOURCE`, `A_NAME`, `A_E_NAME`, `A_COVER`, `A_TRACKS`, `A_SIZE`, `A_RECOMMEND`, `CREATETIME`, `CREATEUSER`, `UPDATETIME`, `UPDATEUSER`, `IS_ACTIVE`) VALUES ('3', '1', '0', '1', '测试音频3', 'Test Audio 3', '', '6', '0', '', '2018-7-15 00:00:00', 'admin', '2018-7-15 00:00:00', 'admin', '1');
INSERT INTO `t_audio` (`ID_AUDIO`, `ID_CATEGORY`, `ID_AUTHOR`, `ID_SOURCE`, `A_NAME`, `A_E_NAME`, `A_COVER`, `A_TRACKS`, `A_SIZE`, `A_RECOMMEND`, `CREATETIME`, `CREATEUSER`, `UPDATETIME`, `UPDATEUSER`, `IS_ACTIVE`) VALUES ('4', '2', '2', '1', '测试音频4', 'Test Audio 4', '', '3', '0', '', '2018-7-15 00:00:00', 'admin', '2018-7-15 00:00:00', 'admin', '1');
INSERT INTO `t_audio` (`ID_AUDIO`, `ID_CATEGORY`, `ID_AUTHOR`, `ID_SOURCE`, `A_NAME`, `A_E_NAME`, `A_COVER`, `A_TRACKS`, `A_SIZE`, `A_RECOMMEND`, `CREATETIME`, `CREATEUSER`, `UPDATETIME`, `UPDATEUSER`, `IS_ACTIVE`) VALUES ('5', '2', '2', '1', '测试音频5', 'Test Audio 5', '', '2', '0', '', '2018-7-15 00:00:00', 'admin', '2018-7-15 00:00:00', 'admin', '1');

INSERT INTO `t_source` (`S_YEAR`, `S_NAME`, `S_TYPE`, `CREATETIME`, `CREATEUSER`, `UPDATETIME`, `UPDATEUSER`, `IS_ACTIVE`) VALUES ('2017', '托福', 'Eng', '2018-05-18 00:00:00', 'admin', '2018-05-18 00:00:00', 'admin', '1');
INSERT INTO `t_source` (`S_YEAR`, `S_NAME`, `S_TYPE`, `CREATETIME`, `CREATEUSER`, `UPDATETIME`, `UPDATEUSER`, `IS_ACTIVE`) VALUES ('2018', '雅思', 'Eng', '2018-05-18 00:00:00', 'admin', '2018-05-18 00:00:00', 'admin', '1');
INSERT INTO `t_source` (`S_YEAR`, `S_NAME`, `S_TYPE`, `CREATETIME`, `CREATEUSER`, `UPDATETIME`, `UPDATEUSER`, `IS_ACTIVE`) VALUES ('2018', '托福', 'Eng', '2018-05-18 00:00:00', 'admin', '2018-05-18 00:00:00', 'admin', '1');
INSERT INTO `t_source` (`S_YEAR`, `S_NAME`, `S_TYPE`, `CREATETIME`, `CREATEUSER`, `UPDATETIME`, `UPDATEUSER`, `IS_ACTIVE`) VALUES ('2016', '雅思', 'Eng', '2018-05-18 00:00:00', 'admin', '2018-05-18 00:00:00', 'admin', '1');
INSERT INTO `t_source` (`S_YEAR`, `S_NAME`, `S_TYPE`, `CREATETIME`, `CREATEUSER`, `UPDATETIME`, `UPDATEUSER`, `IS_ACTIVE`) VALUES ('2017', '雅思', 'Eng', '2018-05-18 00:00:00', 'admin', '2018-05-18 00:00:00', 'admin', '1');

INSERT INTO `t_author` (`AU_NAME`, `CREATETIME`, `CREATEUSER`, `UPDATETIME`, `UPDATEUSER`, `IS_ACTIVE`) VALUES ('Junpeng', '2018-05-18 00:00:00', 'admin', '2018-05-18 00:00:00', 'admin', '1');
INSERT INTO `t_author` (`AU_NAME`, `CREATETIME`, `CREATEUSER`, `UPDATETIME`, `UPDATEUSER`, `IS_ACTIVE`) VALUES ('Junpeng1', '2018-05-18 00:00:00', 'admin', '2018-05-18 00:00:00', 'admin', '1');
INSERT INTO `t_author` (`AU_NAME`, `CREATETIME`, `CREATEUSER`, `UPDATETIME`, `UPDATEUSER`, `IS_ACTIVE`) VALUES ('Junpeng2', '2018-05-18 00:00:00', 'admin', '2018-05-18 00:00:00', 'admin', '1');
INSERT INTO `t_author` (`AU_NAME`, `CREATETIME`, `CREATEUSER`, `UPDATETIME`, `UPDATEUSER`, `IS_ACTIVE`) VALUES ('Junpeng3', '2018-05-18 00:00:00', 'admin', '2018-05-18 00:00:00', 'admin', '1');


INSERT INTO `t_category` (`C_NAME`, `C_TYPE`, `CREATETIME`, `CREATEUSER`, `UPDATETIME`, `UPDATEUSER`, `IS_ACTIVE`) VALUES ('Category0', 'Type-1', '2018-05-18 00:00:00', 'admin', '2018-05-18 00:00:00', 'admin', '1');
INSERT INTO `t_category` (`C_NAME`, `C_TYPE`, `CREATETIME`, `CREATEUSER`, `UPDATETIME`, `UPDATEUSER`, `IS_ACTIVE`) VALUES ('Category1', 'Type-1', '2018-05-18 00:00:00', 'admin', '2018-05-18 00:00:00', 'admin', '1');
INSERT INTO `t_category` (`C_NAME`, `C_TYPE`, `CREATETIME`, `CREATEUSER`, `UPDATETIME`, `UPDATEUSER`, `IS_ACTIVE`) VALUES ('Category2', 'Type-2', '2018-05-18 00:00:00', 'admin', '2018-05-18 00:00:00', 'admin', '1');
INSERT INTO `t_category` (`C_NAME`, `C_TYPE`, `CREATETIME`, `CREATEUSER`, `UPDATETIME`, `UPDATEUSER`, `IS_ACTIVE`) VALUES ('Category3', 'Type-2', '2018-05-18 00:00:00', 'admin', '2018-05-18 00:00:00', 'admin', '1');
INSERT INTO `t_category` (`C_NAME`, `C_TYPE`, `CREATETIME`, `CREATEUSER`, `UPDATETIME`, `UPDATEUSER`, `IS_ACTIVE`) VALUES ('Category4', 'Type-3', '2018-05-18 00:00:00', 'admin', '2018-05-18 00:00:00', 'admin', '1');

INSERT INTO `t_sub_audio` (`ID_SUB_AUDIO`, `ID_SUB_TYPE`, `ID_SUB_ROLE`, `ID_AUDIO`, `ID_SUB_INDEX`, `ID_SUB_LENGTH`, `A_FILE_PATH`, `A_SIZE`, `A_RECOMMEND`, `CREATETIME`, `CREATEUSER`, `UPDATETIME`, `UPDATEUSER`, `IS_ACTIVE`) VALUES ('1', '0', 'Male', '1', '0', '5', '/tmp/abc1.mp3', '0', '', '2018-7-15 00:00:00', 'admin', '2018-7-15 00:00:00', 'admin', '1');
INSERT INTO `t_sub_audio` (`ID_SUB_AUDIO`, `ID_SUB_TYPE`, `ID_SUB_ROLE`, `ID_AUDIO`, `ID_SUB_INDEX`, `ID_SUB_LENGTH`, `A_FILE_PATH`, `A_SIZE`, `A_RECOMMEND`, `CREATETIME`, `CREATEUSER`, `UPDATETIME`, `UPDATEUSER`, `IS_ACTIVE`) VALUES ('2', '0', 'Female', '1', '1', '6', '/tmp/abc2.mp3', '0', '', '2018-7-15 00:00:00', 'admin', '2018-7-15 00:00:00', 'admin', '1');
INSERT INTO `t_sub_audio` (`ID_SUB_AUDIO`, `ID_SUB_TYPE`, `ID_SUB_ROLE`, `ID_AUDIO`, `ID_SUB_INDEX`, `ID_SUB_LENGTH`, `A_FILE_PATH`, `A_SIZE`, `A_RECOMMEND`, `CREATETIME`, `CREATEUSER`, `UPDATETIME`, `UPDATEUSER`, `IS_ACTIVE`) VALUES ('3', '0', 'Male', '1', '2', '7', '/tmp/abc3.mp3', '0', '', '2018-7-15 00:00:00', 'admin', '2018-7-15 00:00:00', 'admin', '1');
INSERT INTO `t_sub_audio` (`ID_SUB_AUDIO`, `ID_SUB_TYPE`, `ID_SUB_ROLE`, `ID_AUDIO`, `ID_SUB_INDEX`, `ID_SUB_LENGTH`, `A_FILE_PATH`, `A_SIZE`, `A_RECOMMEND`, `CREATETIME`, `CREATEUSER`, `UPDATETIME`, `UPDATEUSER`, `IS_ACTIVE`) VALUES ('4', '0', 'Female', '1', '3', '8', '/tmp/abc4.mp3', '0', '', '2018-7-15 00:00:00', 'admin', '2018-7-15 00:00:00', 'admin', '1');
INSERT INTO `t_sub_audio` (`ID_SUB_AUDIO`, `ID_SUB_TYPE`, `ID_SUB_ROLE`, `ID_AUDIO`, `ID_SUB_INDEX`, `ID_SUB_LENGTH`, `A_FILE_PATH`, `A_SIZE`, `A_RECOMMEND`, `CREATETIME`, `CREATEUSER`, `UPDATETIME`, `UPDATEUSER`, `IS_ACTIVE`) VALUES ('5', '0', 'Male', '1', '4', '9', '/tmp/abc5.mp3', '0', '', '2018-7-15 00:00:00', 'admin', '2018-7-15 00:00:00', 'admin', '1');
INSERT INTO `t_sub_audio` (`ID_SUB_AUDIO`, `ID_SUB_TYPE`, `ID_SUB_ROLE`, `ID_AUDIO`, `ID_SUB_INDEX`, `ID_SUB_LENGTH`, `A_FILE_PATH`, `A_SIZE`, `A_RECOMMEND`, `CREATETIME`, `CREATEUSER`, `UPDATETIME`, `UPDATEUSER`, `IS_ACTIVE`) VALUES ('6', '0', 'Female', '2', '0', '10', '/tmp/abc6.mp3', '0', '', '2018-7-15 00:00:00', 'admin', '2018-7-15 00:00:00', 'admin', '1');
INSERT INTO `t_sub_audio` (`ID_SUB_AUDIO`, `ID_SUB_TYPE`, `ID_SUB_ROLE`, `ID_AUDIO`, `ID_SUB_INDEX`, `ID_SUB_LENGTH`, `A_FILE_PATH`, `A_SIZE`, `A_RECOMMEND`, `CREATETIME`, `CREATEUSER`, `UPDATETIME`, `UPDATEUSER`, `IS_ACTIVE`) VALUES ('7', '0', 'Male', '2', '1', '11', '/tmp/abc7.mp3', '0', '', '2018-7-15 00:00:00', 'admin', '2018-7-15 00:00:00', 'admin', '1');
INSERT INTO `t_sub_audio` (`ID_SUB_AUDIO`, `ID_SUB_TYPE`, `ID_SUB_ROLE`, `ID_AUDIO`, `ID_SUB_INDEX`, `ID_SUB_LENGTH`, `A_FILE_PATH`, `A_SIZE`, `A_RECOMMEND`, `CREATETIME`, `CREATEUSER`, `UPDATETIME`, `UPDATEUSER`, `IS_ACTIVE`) VALUES ('8', '0', 'Female', '2', '2', '12', '/tmp/abc8.mp3', '0', '', '2018-7-15 00:00:00', 'admin', '2018-7-15 00:00:00', 'admin', '1');
INSERT INTO `t_sub_audio` (`ID_SUB_AUDIO`, `ID_SUB_TYPE`, `ID_SUB_ROLE`, `ID_AUDIO`, `ID_SUB_INDEX`, `ID_SUB_LENGTH`, `A_FILE_PATH`, `A_SIZE`, `A_RECOMMEND`, `CREATETIME`, `CREATEUSER`, `UPDATETIME`, `UPDATEUSER`, `IS_ACTIVE`) VALUES ('9', '0', 'Male', '2', '3', '13', '/tmp/abc9.mp3', '0', '', '2018-7-15 00:00:00', 'admin', '2018-7-15 00:00:00', 'admin', '1');
INSERT INTO `t_sub_audio` (`ID_SUB_AUDIO`, `ID_SUB_TYPE`, `ID_SUB_ROLE`, `ID_AUDIO`, `ID_SUB_INDEX`, `ID_SUB_LENGTH`, `A_FILE_PATH`, `A_SIZE`, `A_RECOMMEND`, `CREATETIME`, `CREATEUSER`, `UPDATETIME`, `UPDATEUSER`, `IS_ACTIVE`) VALUES ('10', '0', 'Female', '3', '0', '14', '/tmp/abc10.mp3', '0', '', '2018-7-15 00:00:00', 'admin', '2018-7-15 00:00:00', 'admin', '1');
INSERT INTO `t_sub_audio` (`ID_SUB_AUDIO`, `ID_SUB_TYPE`, `ID_SUB_ROLE`, `ID_AUDIO`, `ID_SUB_INDEX`, `ID_SUB_LENGTH`, `A_FILE_PATH`, `A_SIZE`, `A_RECOMMEND`, `CREATETIME`, `CREATEUSER`, `UPDATETIME`, `UPDATEUSER`, `IS_ACTIVE`) VALUES ('11', '0', 'Male', '3', '1', '15', '/tmp/abc11.mp3', '0', '', '2018-7-15 00:00:00', 'admin', '2018-7-15 00:00:00', 'admin', '1');
INSERT INTO `t_sub_audio` (`ID_SUB_AUDIO`, `ID_SUB_TYPE`, `ID_SUB_ROLE`, `ID_AUDIO`, `ID_SUB_INDEX`, `ID_SUB_LENGTH`, `A_FILE_PATH`, `A_SIZE`, `A_RECOMMEND`, `CREATETIME`, `CREATEUSER`, `UPDATETIME`, `UPDATEUSER`, `IS_ACTIVE`) VALUES ('12', '0', 'Female', '3', '2', '16', '/tmp/abc12.mp3', '0', '', '2018-7-15 00:00:00', 'admin', '2018-7-15 00:00:00', 'admin', '1');
INSERT INTO `t_sub_audio` (`ID_SUB_AUDIO`, `ID_SUB_TYPE`, `ID_SUB_ROLE`, `ID_AUDIO`, `ID_SUB_INDEX`, `ID_SUB_LENGTH`, `A_FILE_PATH`, `A_SIZE`, `A_RECOMMEND`, `CREATETIME`, `CREATEUSER`, `UPDATETIME`, `UPDATEUSER`, `IS_ACTIVE`) VALUES ('13', '0', 'Male', '3', '3', '17', '/tmp/abc13.mp3', '0', '', '2018-7-15 00:00:00', 'admin', '2018-7-15 00:00:00', 'admin', '1');
INSERT INTO `t_sub_audio` (`ID_SUB_AUDIO`, `ID_SUB_TYPE`, `ID_SUB_ROLE`, `ID_AUDIO`, `ID_SUB_INDEX`, `ID_SUB_LENGTH`, `A_FILE_PATH`, `A_SIZE`, `A_RECOMMEND`, `CREATETIME`, `CREATEUSER`, `UPDATETIME`, `UPDATEUSER`, `IS_ACTIVE`) VALUES ('14', '0', 'Female', '3', '4', '18', '/tmp/abc14.mp3', '0', '', '2018-7-15 00:00:00', 'admin', '2018-7-15 00:00:00', 'admin', '1');
INSERT INTO `t_sub_audio` (`ID_SUB_AUDIO`, `ID_SUB_TYPE`, `ID_SUB_ROLE`, `ID_AUDIO`, `ID_SUB_INDEX`, `ID_SUB_LENGTH`, `A_FILE_PATH`, `A_SIZE`, `A_RECOMMEND`, `CREATETIME`, `CREATEUSER`, `UPDATETIME`, `UPDATEUSER`, `IS_ACTIVE`) VALUES ('15', '0', 'Male', '3', '5', '19', '/tmp/abc15.mp3', '0', '', '2018-7-15 00:00:00', 'admin', '2018-7-15 00:00:00', 'admin', '1');
INSERT INTO `t_sub_audio` (`ID_SUB_AUDIO`, `ID_SUB_TYPE`, `ID_SUB_ROLE`, `ID_AUDIO`, `ID_SUB_INDEX`, `ID_SUB_LENGTH`, `A_FILE_PATH`, `A_SIZE`, `A_RECOMMEND`, `CREATETIME`, `CREATEUSER`, `UPDATETIME`, `UPDATEUSER`, `IS_ACTIVE`) VALUES ('16', '0', 'Female', '4', '0', '20', '/tmp/abc16.mp3', '0', '', '2018-7-15 00:00:00', 'admin', '2018-7-15 00:00:00', 'admin', '1');
INSERT INTO `t_sub_audio` (`ID_SUB_AUDIO`, `ID_SUB_TYPE`, `ID_SUB_ROLE`, `ID_AUDIO`, `ID_SUB_INDEX`, `ID_SUB_LENGTH`, `A_FILE_PATH`, `A_SIZE`, `A_RECOMMEND`, `CREATETIME`, `CREATEUSER`, `UPDATETIME`, `UPDATEUSER`, `IS_ACTIVE`) VALUES ('17', '0', 'Male', '4', '1', '21', '/tmp/abc17.mp3', '0', '', '2018-7-15 00:00:00', 'admin', '2018-7-15 00:00:00', 'admin', '1');
INSERT INTO `t_sub_audio` (`ID_SUB_AUDIO`, `ID_SUB_TYPE`, `ID_SUB_ROLE`, `ID_AUDIO`, `ID_SUB_INDEX`, `ID_SUB_LENGTH`, `A_FILE_PATH`, `A_SIZE`, `A_RECOMMEND`, `CREATETIME`, `CREATEUSER`, `UPDATETIME`, `UPDATEUSER`, `IS_ACTIVE`) VALUES ('18', '0', 'Female', '4', '2', '22', '/tmp/abc18.mp3', '0', '', '2018-7-15 00:00:00', 'admin', '2018-7-15 00:00:00', 'admin', '1');
INSERT INTO `t_sub_audio` (`ID_SUB_AUDIO`, `ID_SUB_TYPE`, `ID_SUB_ROLE`, `ID_AUDIO`, `ID_SUB_INDEX`, `ID_SUB_LENGTH`, `A_FILE_PATH`, `A_SIZE`, `A_RECOMMEND`, `CREATETIME`, `CREATEUSER`, `UPDATETIME`, `UPDATEUSER`, `IS_ACTIVE`) VALUES ('19', '0', 'Male', '5', '0', '23', '/tmp/abc19.mp3', '0', '', '2018-7-15 00:00:00', 'admin', '2018-7-15 00:00:00', 'admin', '1');
INSERT INTO `t_sub_audio` (`ID_SUB_AUDIO`, `ID_SUB_TYPE`, `ID_SUB_ROLE`, `ID_AUDIO`, `ID_SUB_INDEX`, `ID_SUB_LENGTH`, `A_FILE_PATH`, `A_SIZE`, `A_RECOMMEND`, `CREATETIME`, `CREATEUSER`, `UPDATETIME`, `UPDATEUSER`, `IS_ACTIVE`) VALUES ('20', '0', 'Female', '5', '1', '24', '/tmp/abc20.mp3', '0', '', '2018-7-15 00:00:00', 'admin', '2018-7-15 00:00:00', 'admin', '1');


INSERT INTO `t_wxuser` (`ID_WXUSER`, `U_OPENID`, `U_NICKNAME`, `U_PROVINCE`, `U_COUNTRY`, `U_CITY`, `U_AVATARURL`, `U_GENDER`, `CREATETIME`, `CREATEUSER`, `UPDATETIME`, `UPDATEUSER`, `IS_ACTIVE`) VALUES ('1', 'oP4Lb4iuMkMMTM3nhLcMfdnGrFmo', '李俊澎', 'Liaoning', 'China', 'Dalian', 'https://wx.qlogo.cn/mmopen/vi_32/DYAIOgq83eqHwc1CRN3a53Dyt3WibFlkgrMTSjv4zHqdD7libm0IRX1R54mhKXXCpGZcDbCXWlpxqdBqLkUp5MwA/132', '1', '2018-7-15 00:00:00', 'admin', '2018-7-15 00:00:00', 'admin', '1');
INSERT INTO `t_wxuser` (`ID_WXUSER`, `U_OPENID`, `U_NICKNAME`, `U_PROVINCE`, `U_COUNTRY`, `U_CITY`, `U_AVATARURL`, `U_GENDER`, `CREATETIME`, `CREATEUSER`, `UPDATETIME`, `UPDATEUSER`, `IS_ACTIVE`) VALUES ('2', 'oP4Lb4iuMkMMTM3nhLcMfdnGrFDo', '李俊澎1', 'Liaoning1', 'China1', 'Dalian1', 'https://wx.qlogo.cn/mmopen/vi_32/DYAIOgq83eqHwc1CRN3a53Dyt3WibFlkgrMTSjv4zHqdD7libm0IRX1R54mhKXXCpGZcDbCXWlpxqdBqLkUp5MwA/133', '0', '2018-7-15 00:00:00', 'admin', '2018-7-15 00:00:00', 'admin', '1');
INSERT INTO `t_wxuser` (`ID_WXUSER`, `U_OPENID`, `U_NICKNAME`, `U_PROVINCE`, `U_COUNTRY`, `U_CITY`, `U_AVATARURL`, `U_GENDER`, `CREATETIME`, `CREATEUSER`, `UPDATETIME`, `UPDATEUSER`, `IS_ACTIVE`) VALUES ('3', 'oP4Lb4iuMkMMTM3nhLcMfdnGrFCo', '李俊澎2', 'Liaoning2', 'China2', 'Dalian2', 'https://wx.qlogo.cn/mmopen/vi_32/DYAIOgq83eqHwc1CRN3a53Dyt3WibFlkgrMTSjv4zHqdD7libm0IRX1R54mhKXXCpGZcDbCXWlpxqdBqLkUp5MwA/134', '1', '2018-7-15 00:00:00', 'admin', '2018-7-15 00:00:00', 'admin', '1');

INSERT INTO `t_recording` (`ID_RECORDING`, `ID_SUB_AUDIO`, `ID_WXUSER`, `R_SEQ_NO`, `R_RECORD_TIME`, `R_FILE_PATH`, `R_FILE_SIZE`, `R_CLIENTIP`, `R_CLIENTAPP`, `CREATETIME`, `CREATEUSER`, `UPDATETIME`, `UPDATEUSER`, `IS_ACTIVE`) VALUES ('1', '1', '1', '1', '2018-6-12 00:00:00', '/tmp/recording/abc1.mp3', '', '', '', '2018-7-15 00:00:00', 'admin', '2018-7-15 00:00:00', 'admin', '1');
INSERT INTO `t_recording` (`ID_RECORDING`, `ID_SUB_AUDIO`, `ID_WXUSER`, `R_SEQ_NO`, `R_RECORD_TIME`, `R_FILE_PATH`, `R_FILE_SIZE`, `R_CLIENTIP`, `R_CLIENTAPP`, `CREATETIME`, `CREATEUSER`, `UPDATETIME`, `UPDATEUSER`, `IS_ACTIVE`) VALUES ('2', '2', '1', '1', '2018-6-13 00:00:00', '/tmp/recording/abc2.mp3', '', '', '', '2018-7-15 00:00:00', 'admin', '2018-7-15 00:00:00', 'admin', '1');
INSERT INTO `t_recording` (`ID_RECORDING`, `ID_SUB_AUDIO`, `ID_WXUSER`, `R_SEQ_NO`, `R_RECORD_TIME`, `R_FILE_PATH`, `R_FILE_SIZE`, `R_CLIENTIP`, `R_CLIENTAPP`, `CREATETIME`, `CREATEUSER`, `UPDATETIME`, `UPDATEUSER`, `IS_ACTIVE`) VALUES ('3', '3', '1', '1', '2018-6-14 00:00:00', '/tmp/recording/abc3.mp3', '', '', '', '2018-7-15 00:00:00', 'admin', '2018-7-15 00:00:00', 'admin', '1');
INSERT INTO `t_recording` (`ID_RECORDING`, `ID_SUB_AUDIO`, `ID_WXUSER`, `R_SEQ_NO`, `R_RECORD_TIME`, `R_FILE_PATH`, `R_FILE_SIZE`, `R_CLIENTIP`, `R_CLIENTAPP`, `CREATETIME`, `CREATEUSER`, `UPDATETIME`, `UPDATEUSER`, `IS_ACTIVE`) VALUES ('4', '4', '1', '1', '2018-6-15 00:00:00', '/tmp/recording/abc4.mp3', '', '', '', '2018-7-15 00:00:00', 'admin', '2018-7-15 00:00:00', 'admin', '1');
INSERT INTO `t_recording` (`ID_RECORDING`, `ID_SUB_AUDIO`, `ID_WXUSER`, `R_SEQ_NO`, `R_RECORD_TIME`, `R_FILE_PATH`, `R_FILE_SIZE`, `R_CLIENTIP`, `R_CLIENTAPP`, `CREATETIME`, `CREATEUSER`, `UPDATETIME`, `UPDATEUSER`, `IS_ACTIVE`) VALUES ('5', '5', '1', '1', '2018-6-16 00:00:00', '/tmp/recording/abc5.mp3', '', '', '', '2018-7-15 00:00:00', 'admin', '2018-7-15 00:00:00', 'admin', '1');
INSERT INTO `t_recording` (`ID_RECORDING`, `ID_SUB_AUDIO`, `ID_WXUSER`, `R_SEQ_NO`, `R_RECORD_TIME`, `R_FILE_PATH`, `R_FILE_SIZE`, `R_CLIENTIP`, `R_CLIENTAPP`, `CREATETIME`, `CREATEUSER`, `UPDATETIME`, `UPDATEUSER`, `IS_ACTIVE`) VALUES ('6', '6', '1', '1', '2018-6-17 00:00:00', '/tmp/recording/abc6.mp3', '', '', '', '2018-7-15 00:00:00', 'admin', '2018-7-15 00:00:00', 'admin', '1');
INSERT INTO `t_recording` (`ID_RECORDING`, `ID_SUB_AUDIO`, `ID_WXUSER`, `R_SEQ_NO`, `R_RECORD_TIME`, `R_FILE_PATH`, `R_FILE_SIZE`, `R_CLIENTIP`, `R_CLIENTAPP`, `CREATETIME`, `CREATEUSER`, `UPDATETIME`, `UPDATEUSER`, `IS_ACTIVE`) VALUES ('7', '7', '1', '1', '2018-6-18 00:00:00', '/tmp/recording/abc7.mp3', '', '', '', '2018-7-15 00:00:00', 'admin', '2018-7-15 00:00:00', 'admin', '1');
INSERT INTO `t_recording` (`ID_RECORDING`, `ID_SUB_AUDIO`, `ID_WXUSER`, `R_SEQ_NO`, `R_RECORD_TIME`, `R_FILE_PATH`, `R_FILE_SIZE`, `R_CLIENTIP`, `R_CLIENTAPP`, `CREATETIME`, `CREATEUSER`, `UPDATETIME`, `UPDATEUSER`, `IS_ACTIVE`) VALUES ('8', '8', '1', '1', '2018-6-19 00:00:00', '/tmp/recording/abc8.mp3', '', '', '', '2018-7-15 00:00:00', 'admin', '2018-7-15 00:00:00', 'admin', '1');
INSERT INTO `t_recording` (`ID_RECORDING`, `ID_SUB_AUDIO`, `ID_WXUSER`, `R_SEQ_NO`, `R_RECORD_TIME`, `R_FILE_PATH`, `R_FILE_SIZE`, `R_CLIENTIP`, `R_CLIENTAPP`, `CREATETIME`, `CREATEUSER`, `UPDATETIME`, `UPDATEUSER`, `IS_ACTIVE`) VALUES ('9', '9', '1', '1', '2018-6-20 00:00:00', '/tmp/recording/abc9.mp3', '', '', '', '2018-7-15 00:00:00', 'admin', '2018-7-15 00:00:00', 'admin', '1');
INSERT INTO `t_recording` (`ID_RECORDING`, `ID_SUB_AUDIO`, `ID_WXUSER`, `R_SEQ_NO`, `R_RECORD_TIME`, `R_FILE_PATH`, `R_FILE_SIZE`, `R_CLIENTIP`, `R_CLIENTAPP`, `CREATETIME`, `CREATEUSER`, `UPDATETIME`, `UPDATEUSER`, `IS_ACTIVE`) VALUES ('10', '1', '1', '2', '2018-6-21 00:00:00', '/tmp/recording/abc10.mp3', '', '', '', '2018-7-15 00:00:00', 'admin', '2018-7-15 00:00:00', 'admin', '1');
INSERT INTO `t_recording` (`ID_RECORDING`, `ID_SUB_AUDIO`, `ID_WXUSER`, `R_SEQ_NO`, `R_RECORD_TIME`, `R_FILE_PATH`, `R_FILE_SIZE`, `R_CLIENTIP`, `R_CLIENTAPP`, `CREATETIME`, `CREATEUSER`, `UPDATETIME`, `UPDATEUSER`, `IS_ACTIVE`) VALUES ('11', '2', '1', '2', '2018-6-22 00:00:00', '/tmp/recording/abc11.mp3', '', '', '', '2018-7-15 00:00:00', 'admin', '2018-7-15 00:00:00', 'admin', '1');
INSERT INTO `t_recording` (`ID_RECORDING`, `ID_SUB_AUDIO`, `ID_WXUSER`, `R_SEQ_NO`, `R_RECORD_TIME`, `R_FILE_PATH`, `R_FILE_SIZE`, `R_CLIENTIP`, `R_CLIENTAPP`, `CREATETIME`, `CREATEUSER`, `UPDATETIME`, `UPDATEUSER`, `IS_ACTIVE`) VALUES ('12', '3', '1', '2', '2018-6-23 00:00:00', '/tmp/recording/abc12.mp3', '', '', '', '2018-7-15 00:00:00', 'admin', '2018-7-15 00:00:00', 'admin', '1');
INSERT INTO `t_recording` (`ID_RECORDING`, `ID_SUB_AUDIO`, `ID_WXUSER`, `R_SEQ_NO`, `R_RECORD_TIME`, `R_FILE_PATH`, `R_FILE_SIZE`, `R_CLIENTIP`, `R_CLIENTAPP`, `CREATETIME`, `CREATEUSER`, `UPDATETIME`, `UPDATEUSER`, `IS_ACTIVE`) VALUES ('13', '5', '1', '2', '2018-6-24 00:00:00', '/tmp/recording/abc13.mp3', '', '', '', '2018-7-15 00:00:00', 'admin', '2018-7-15 00:00:00', 'admin', '1');
INSERT INTO `t_recording` (`ID_RECORDING`, `ID_SUB_AUDIO`, `ID_WXUSER`, `R_SEQ_NO`, `R_RECORD_TIME`, `R_FILE_PATH`, `R_FILE_SIZE`, `R_CLIENTIP`, `R_CLIENTAPP`, `CREATETIME`, `CREATEUSER`, `UPDATETIME`, `UPDATEUSER`, `IS_ACTIVE`) VALUES ('14', '6', '1', '2', '2018-6-25 00:00:00', '/tmp/recording/abc14.mp3', '', '', '', '2018-7-15 00:00:00', 'admin', '2018-7-15 00:00:00', 'admin', '1');
INSERT INTO `t_recording` (`ID_RECORDING`, `ID_SUB_AUDIO`, `ID_WXUSER`, `R_SEQ_NO`, `R_RECORD_TIME`, `R_FILE_PATH`, `R_FILE_SIZE`, `R_CLIENTIP`, `R_CLIENTAPP`, `CREATETIME`, `CREATEUSER`, `UPDATETIME`, `UPDATEUSER`, `IS_ACTIVE`) VALUES ('15', '8', '1', '2', '2018-6-26 00:00:00', '/tmp/recording/abc15.mp3', '', '', '', '2018-7-15 00:00:00', 'admin', '2018-7-15 00:00:00', 'admin', '1');
INSERT INTO `t_recording` (`ID_RECORDING`, `ID_SUB_AUDIO`, `ID_WXUSER`, `R_SEQ_NO`, `R_RECORD_TIME`, `R_FILE_PATH`, `R_FILE_SIZE`, `R_CLIENTIP`, `R_CLIENTAPP`, `CREATETIME`, `CREATEUSER`, `UPDATETIME`, `UPDATEUSER`, `IS_ACTIVE`) VALUES ('16', '9', '1', '2', '2018-6-27 00:00:00', '/tmp/recording/abc16.mp3', '', '', '', '2018-7-15 00:00:00', 'admin', '2018-7-15 00:00:00', 'admin', '1');
INSERT INTO `t_recording` (`ID_RECORDING`, `ID_SUB_AUDIO`, `ID_WXUSER`, `R_SEQ_NO`, `R_RECORD_TIME`, `R_FILE_PATH`, `R_FILE_SIZE`, `R_CLIENTIP`, `R_CLIENTAPP`, `CREATETIME`, `CREATEUSER`, `UPDATETIME`, `UPDATEUSER`, `IS_ACTIVE`) VALUES ('17', '1', '2', '1', '2018-6-28 00:00:00', '/tmp/recording/abc17.mp3', '', '', '', '2018-7-15 00:00:00', 'admin', '2018-7-15 00:00:00', 'admin', '1');
INSERT INTO `t_recording` (`ID_RECORDING`, `ID_SUB_AUDIO`, `ID_WXUSER`, `R_SEQ_NO`, `R_RECORD_TIME`, `R_FILE_PATH`, `R_FILE_SIZE`, `R_CLIENTIP`, `R_CLIENTAPP`, `CREATETIME`, `CREATEUSER`, `UPDATETIME`, `UPDATEUSER`, `IS_ACTIVE`) VALUES ('18', '2', '2', '1', '2018-6-29 00:00:00', '/tmp/recording/abc18.mp3', '', '', '', '2018-7-15 00:00:00', 'admin', '2018-7-15 00:00:00', 'admin', '1');
INSERT INTO `t_recording` (`ID_RECORDING`, `ID_SUB_AUDIO`, `ID_WXUSER`, `R_SEQ_NO`, `R_RECORD_TIME`, `R_FILE_PATH`, `R_FILE_SIZE`, `R_CLIENTIP`, `R_CLIENTAPP`, `CREATETIME`, `CREATEUSER`, `UPDATETIME`, `UPDATEUSER`, `IS_ACTIVE`) VALUES ('19', '3', '2', '1', '2018-6-30 00:00:00', '/tmp/recording/abc19.mp3', '', '', '', '2018-7-15 00:00:00', 'admin', '2018-7-15 00:00:00', 'admin', '1');
INSERT INTO `t_recording` (`ID_RECORDING`, `ID_SUB_AUDIO`, `ID_WXUSER`, `R_SEQ_NO`, `R_RECORD_TIME`, `R_FILE_PATH`, `R_FILE_SIZE`, `R_CLIENTIP`, `R_CLIENTAPP`, `CREATETIME`, `CREATEUSER`, `UPDATETIME`, `UPDATEUSER`, `IS_ACTIVE`) VALUES ('20', '4', '2', '1', '2018-7-1 00:00:00', '/tmp/recording/abc20.mp3', '', '', '', '2018-7-15 00:00:00', 'admin', '2018-7-15 00:00:00', 'admin', '1');
INSERT INTO `t_recording` (`ID_RECORDING`, `ID_SUB_AUDIO`, `ID_WXUSER`, `R_SEQ_NO`, `R_RECORD_TIME`, `R_FILE_PATH`, `R_FILE_SIZE`, `R_CLIENTIP`, `R_CLIENTAPP`, `CREATETIME`, `CREATEUSER`, `UPDATETIME`, `UPDATEUSER`, `IS_ACTIVE`) VALUES ('21', '5', '2', '1', '2018-7-2 00:00:00', '/tmp/recording/abc21.mp3', '', '', '', '2018-7-15 00:00:00', 'admin', '2018-7-15 00:00:00', 'admin', '1');
