INSERT INTO `t_user` (`U_NAME`, `U_NICKNAME`, `U_LOGIN_ID`, `U_PASSWORD`, `U_AGE`, `U_SEX`, `U_REGIST_TIME`, `U_REGIST_IP`, `U_EMAIL`, `U_PHONE`, `CREATETIME`, `CREATEUSER`, `UPDATETIME`, `UPDATEUSER`) VALUES ('test', 'testnick', 'loginid', 'pwd', '10', '0', '2018-05-18 00:00:00', '0', 'a@a.com', '1555555555', '2018-05-18 00:00:00', 'admin', '2018-05-18 00:00:00', 'admin');

INSERT INTO `t_audio` (`ID_AUDIO`, `ID_CATEGORY`, `ID_AUTHOR`, `ID_SOURCE`, `A_NAME`, `A_E_NAME`, `A_COVER`, `A_TRACKS`, `A_SIZE`, `A_RECOMMEND`, `CREATETIME`, `CREATEUSER`, `UPDATETIME`, `UPDATEUSER`, `IS_ACTIVE`) VALUES ('1', '0', '0', '0', '测试音频1', 'Test Audio 1', '', '5', '0', '', '2018-7-15 00:00:00', 'admin', '2018-7-15 00:00:00', 'admin', '1');
INSERT INTO `t_audio` (`ID_AUDIO`, `ID_CATEGORY`, `ID_AUTHOR`, `ID_SOURCE`, `A_NAME`, `A_E_NAME`, `A_COVER`, `A_TRACKS`, `A_SIZE`, `A_RECOMMEND`, `CREATETIME`, `CREATEUSER`, `UPDATETIME`, `UPDATEUSER`, `IS_ACTIVE`) VALUES ('2', '0', '1', '0', '测试音频2', 'Test Audio 2', '', '4', '0', '', '2018-7-15 00:00:00', 'admin', '2018-7-15 00:00:00', 'admin', '1');
INSERT INTO `t_audio` (`ID_AUDIO`, `ID_CATEGORY`, `ID_AUTHOR`, `ID_SOURCE`, `A_NAME`, `A_E_NAME`, `A_COVER`, `A_TRACKS`, `A_SIZE`, `A_RECOMMEND`, `CREATETIME`, `CREATEUSER`, `UPDATETIME`, `UPDATEUSER`, `IS_ACTIVE`) VALUES ('3', '1', '0', '1', '测试音频3', 'Test Audio 3', '', '6', '0', '', '2018-7-15 00:00:00', 'admin', '2018-7-15 00:00:00', 'admin', '1');
INSERT INTO `t_audio` (`ID_AUDIO`, `ID_CATEGORY`, `ID_AUTHOR`, `ID_SOURCE`, `A_NAME`, `A_E_NAME`, `A_COVER`, `A_TRACKS`, `A_SIZE`, `A_RECOMMEND`, `CREATETIME`, `CREATEUSER`, `UPDATETIME`, `UPDATEUSER`, `IS_ACTIVE`) VALUES ('4', '2', '2', '1', '测试音频4', 'Test Audio 4', '', '3', '0', '', '2018-7-15 00:00:00', 'admin', '2018-7-15 00:00:00', 'admin', '1');
INSERT INTO `t_audio` (`ID_AUDIO`, `ID_CATEGORY`, `ID_AUTHOR`, `ID_SOURCE`, `A_NAME`, `A_E_NAME`, `A_COVER`, `A_TRACKS`, `A_SIZE`, `A_RECOMMEND`, `CREATETIME`, `CREATEUSER`, `UPDATETIME`, `UPDATEUSER`, `IS_ACTIVE`) VALUES ('5', '2', '2', '1', '测试音频5', 'Test Audio 5', '', '2', '0', '', '2018-7-15 00:00:00', 'admin', '2018-7-15 00:00:00', 'admin', '1');

INSERT INTO `t_source` (`ID_SOURCE`,`S_YEAR`, `S_NAME`, `S_TYPE`, `CREATETIME`, `CREATEUSER`, `UPDATETIME`, `UPDATEUSER`, `IS_ACTIVE`) VALUES ('0', '2017', '托福', 'Eng', '2018-05-18 00:00:00', 'admin', '2018-05-18 00:00:00', 'admin', '1');
INSERT INTO `t_source` (`ID_SOURCE`,`S_YEAR`, `S_NAME`, `S_TYPE`, `CREATETIME`, `CREATEUSER`, `UPDATETIME`, `UPDATEUSER`, `IS_ACTIVE`) VALUES ('1', '2018', '雅思', 'Eng', '2018-05-18 00:00:00', 'admin', '2018-05-18 00:00:00', 'admin', '1');
INSERT INTO `t_source` (`ID_SOURCE`,`S_YEAR`, `S_NAME`, `S_TYPE`, `CREATETIME`, `CREATEUSER`, `UPDATETIME`, `UPDATEUSER`, `IS_ACTIVE`) VALUES ('2', '2018', '托福', 'Eng', '2018-05-18 00:00:00', 'admin', '2018-05-18 00:00:00', 'admin', '1');
INSERT INTO `t_source` (`ID_SOURCE`,`S_YEAR`, `S_NAME`, `S_TYPE`, `CREATETIME`, `CREATEUSER`, `UPDATETIME`, `UPDATEUSER`, `IS_ACTIVE`) VALUES ('3', '2016', '雅思', 'Eng', '2018-05-18 00:00:00', 'admin', '2018-05-18 00:00:00', 'admin', '1');
INSERT INTO `t_source` (`ID_SOURCE`,`S_YEAR`, `S_NAME`, `S_TYPE`, `CREATETIME`, `CREATEUSER`, `UPDATETIME`, `UPDATEUSER`, `IS_ACTIVE`) VALUES ('4', '2017', '雅思', 'Eng', '2018-05-18 00:00:00', 'admin', '2018-05-18 00:00:00', 'admin', '1');
                                                                                                                                               
INSERT INTO `t_author` (`ID_AUTHOR`,`AU_NAME`, `CREATETIME`, `CREATEUSER`, `UPDATETIME`, `UPDATEUSER`, `IS_ACTIVE`) VALUES ('0','Junpeng', '2018-05-18 00:00:00', 'admin', '2018-05-18 00:00:00', 'admin', '1');
INSERT INTO `t_author` (`ID_AUTHOR`,`AU_NAME`, `CREATETIME`, `CREATEUSER`, `UPDATETIME`, `UPDATEUSER`, `IS_ACTIVE`) VALUES ('1','Junpeng1', '2018-05-18 00:00:00', 'admin', '2018-05-18 00:00:00', 'admin', '1');
INSERT INTO `t_author` (`ID_AUTHOR`,`AU_NAME`, `CREATETIME`, `CREATEUSER`, `UPDATETIME`, `UPDATEUSER`, `IS_ACTIVE`) VALUES ('2','Junpeng2', '2018-05-18 00:00:00', 'admin', '2018-05-18 00:00:00', 'admin', '1');
INSERT INTO `t_author` (`ID_AUTHOR`,`AU_NAME`, `CREATETIME`, `CREATEUSER`, `UPDATETIME`, `UPDATEUSER`, `IS_ACTIVE`) VALUES ('3','Junpeng3', '2018-05-18 00:00:00', 'admin', '2018-05-18 00:00:00', 'admin', '1');


INSERT INTO `t_category` (`ID_CATEGORY`, `C_NAME`, `C_TYPE`, `CREATETIME`, `CREATEUSER`, `UPDATETIME`, `UPDATEUSER`, `IS_ACTIVE`) VALUES ('0', 'Category0', 'Type-1', '2018-05-18 00:00:00', 'admin', '2018-05-18 00:00:00', 'admin', '1');
INSERT INTO `t_category` (`ID_CATEGORY`, `C_NAME`, `C_TYPE`, `CREATETIME`, `CREATEUSER`, `UPDATETIME`, `UPDATEUSER`, `IS_ACTIVE`) VALUES ('1', 'Category1', 'Type-1', '2018-05-18 00:00:00', 'admin', '2018-05-18 00:00:00', 'admin', '1');
INSERT INTO `t_category` (`ID_CATEGORY`, `C_NAME`, `C_TYPE`, `CREATETIME`, `CREATEUSER`, `UPDATETIME`, `UPDATEUSER`, `IS_ACTIVE`) VALUES ('2', 'Category2', 'Type-2', '2018-05-18 00:00:00', 'admin', '2018-05-18 00:00:00', 'admin', '1');
INSERT INTO `t_category` (`ID_CATEGORY`, `C_NAME`, `C_TYPE`, `CREATETIME`, `CREATEUSER`, `UPDATETIME`, `UPDATEUSER`, `IS_ACTIVE`) VALUES ('3', 'Category3', 'Type-2', '2018-05-18 00:00:00', 'admin', '2018-05-18 00:00:00', 'admin', '1');
INSERT INTO `t_category` (`ID_CATEGORY`, `C_NAME`, `C_TYPE`, `CREATETIME`, `CREATEUSER`, `UPDATETIME`, `UPDATEUSER`, `IS_ACTIVE`) VALUES ('4', 'Category4', 'Type-3', '2018-05-18 00:00:00', 'admin', '2018-05-18 00:00:00', 'admin', '1');

INSERT INTO `t_sub_audio` (`ID_SUB_AUDIO`, `ID_SUB_TYPE`, `ID_SUB_ROLE`, `ID_AUDIO`, `ID_SUB_INDEX`, `ID_SUB_LENGTH`, `A_FILE_PATH`, `A_SIZE`, `A_RECOMMEND`, `CREATETIME`, `CREATEUSER`, `UPDATETIME`, `UPDATEUSER`, `IS_ACTIVE`) VALUES ('1', '0', 'Male', '1', '0', '5', '/tmp/subaudio1.mp3', '0', '', '2018-7-15 00:00:00', 'admin', '2018-7-15 00:00:00', 'admin', '1');
INSERT INTO `t_sub_audio` (`ID_SUB_AUDIO`, `ID_SUB_TYPE`, `ID_SUB_ROLE`, `ID_AUDIO`, `ID_SUB_INDEX`, `ID_SUB_LENGTH`, `A_FILE_PATH`, `A_SIZE`, `A_RECOMMEND`, `CREATETIME`, `CREATEUSER`, `UPDATETIME`, `UPDATEUSER`, `IS_ACTIVE`) VALUES ('2', '0', 'Female', '1', '1', '6', '/tmp/subaudio2.mp3', '0', '', '2018-7-15 00:00:00', 'admin', '2018-7-15 00:00:00', 'admin', '1');
INSERT INTO `t_sub_audio` (`ID_SUB_AUDIO`, `ID_SUB_TYPE`, `ID_SUB_ROLE`, `ID_AUDIO`, `ID_SUB_INDEX`, `ID_SUB_LENGTH`, `A_FILE_PATH`, `A_SIZE`, `A_RECOMMEND`, `CREATETIME`, `CREATEUSER`, `UPDATETIME`, `UPDATEUSER`, `IS_ACTIVE`) VALUES ('3', '0', 'Male', '1', '2', '7', '/tmp/subaudio3.mp3', '0', '', '2018-7-15 00:00:00', 'admin', '2018-7-15 00:00:00', 'admin', '1');
INSERT INTO `t_sub_audio` (`ID_SUB_AUDIO`, `ID_SUB_TYPE`, `ID_SUB_ROLE`, `ID_AUDIO`, `ID_SUB_INDEX`, `ID_SUB_LENGTH`, `A_FILE_PATH`, `A_SIZE`, `A_RECOMMEND`, `CREATETIME`, `CREATEUSER`, `UPDATETIME`, `UPDATEUSER`, `IS_ACTIVE`) VALUES ('4', '0', 'Female', '1', '3', '8', '/tmp/subaudio4.mp3', '0', '', '2018-7-15 00:00:00', 'admin', '2018-7-15 00:00:00', 'admin', '1');
INSERT INTO `t_sub_audio` (`ID_SUB_AUDIO`, `ID_SUB_TYPE`, `ID_SUB_ROLE`, `ID_AUDIO`, `ID_SUB_INDEX`, `ID_SUB_LENGTH`, `A_FILE_PATH`, `A_SIZE`, `A_RECOMMEND`, `CREATETIME`, `CREATEUSER`, `UPDATETIME`, `UPDATEUSER`, `IS_ACTIVE`) VALUES ('5', '0', 'Male', '1', '4', '9', '/tmp/subaudio5.mp3', '0', '', '2018-7-15 00:00:00', 'admin', '2018-7-15 00:00:00', 'admin', '1');
INSERT INTO `t_sub_audio` (`ID_SUB_AUDIO`, `ID_SUB_TYPE`, `ID_SUB_ROLE`, `ID_AUDIO`, `ID_SUB_INDEX`, `ID_SUB_LENGTH`, `A_FILE_PATH`, `A_SIZE`, `A_RECOMMEND`, `CREATETIME`, `CREATEUSER`, `UPDATETIME`, `UPDATEUSER`, `IS_ACTIVE`) VALUES ('6', '0', 'Female', '2', '0', '10', '/tmp/subaudio6.mp3', '0', '', '2018-7-15 00:00:00', 'admin', '2018-7-15 00:00:00', 'admin', '1');
INSERT INTO `t_sub_audio` (`ID_SUB_AUDIO`, `ID_SUB_TYPE`, `ID_SUB_ROLE`, `ID_AUDIO`, `ID_SUB_INDEX`, `ID_SUB_LENGTH`, `A_FILE_PATH`, `A_SIZE`, `A_RECOMMEND`, `CREATETIME`, `CREATEUSER`, `UPDATETIME`, `UPDATEUSER`, `IS_ACTIVE`) VALUES ('7', '0', 'Male', '2', '1', '11', '/tmp/subaudio7.mp3', '0', '', '2018-7-15 00:00:00', 'admin', '2018-7-15 00:00:00', 'admin', '1');
INSERT INTO `t_sub_audio` (`ID_SUB_AUDIO`, `ID_SUB_TYPE`, `ID_SUB_ROLE`, `ID_AUDIO`, `ID_SUB_INDEX`, `ID_SUB_LENGTH`, `A_FILE_PATH`, `A_SIZE`, `A_RECOMMEND`, `CREATETIME`, `CREATEUSER`, `UPDATETIME`, `UPDATEUSER`, `IS_ACTIVE`) VALUES ('8', '0', 'Female', '2', '2', '12', '/tmp/subaudio8.mp3', '0', '', '2018-7-15 00:00:00', 'admin', '2018-7-15 00:00:00', 'admin', '1');
INSERT INTO `t_sub_audio` (`ID_SUB_AUDIO`, `ID_SUB_TYPE`, `ID_SUB_ROLE`, `ID_AUDIO`, `ID_SUB_INDEX`, `ID_SUB_LENGTH`, `A_FILE_PATH`, `A_SIZE`, `A_RECOMMEND`, `CREATETIME`, `CREATEUSER`, `UPDATETIME`, `UPDATEUSER`, `IS_ACTIVE`) VALUES ('9', '0', 'Male', '2', '3', '13', '/tmp/subaudio9.mp3', '0', '', '2018-7-15 00:00:00', 'admin', '2018-7-15 00:00:00', 'admin', '1');
INSERT INTO `t_sub_audio` (`ID_SUB_AUDIO`, `ID_SUB_TYPE`, `ID_SUB_ROLE`, `ID_AUDIO`, `ID_SUB_INDEX`, `ID_SUB_LENGTH`, `A_FILE_PATH`, `A_SIZE`, `A_RECOMMEND`, `CREATETIME`, `CREATEUSER`, `UPDATETIME`, `UPDATEUSER`, `IS_ACTIVE`) VALUES ('10', '0', 'Female', '3', '0', '14', '/tmp/subaudio10.mp3', '0', '', '2018-7-15 00:00:00', 'admin', '2018-7-15 00:00:00', 'admin', '1');
INSERT INTO `t_sub_audio` (`ID_SUB_AUDIO`, `ID_SUB_TYPE`, `ID_SUB_ROLE`, `ID_AUDIO`, `ID_SUB_INDEX`, `ID_SUB_LENGTH`, `A_FILE_PATH`, `A_SIZE`, `A_RECOMMEND`, `CREATETIME`, `CREATEUSER`, `UPDATETIME`, `UPDATEUSER`, `IS_ACTIVE`) VALUES ('11', '0', 'Male', '3', '1', '15', '/tmp/subaudio11.mp3', '0', '', '2018-7-15 00:00:00', 'admin', '2018-7-15 00:00:00', 'admin', '1');
INSERT INTO `t_sub_audio` (`ID_SUB_AUDIO`, `ID_SUB_TYPE`, `ID_SUB_ROLE`, `ID_AUDIO`, `ID_SUB_INDEX`, `ID_SUB_LENGTH`, `A_FILE_PATH`, `A_SIZE`, `A_RECOMMEND`, `CREATETIME`, `CREATEUSER`, `UPDATETIME`, `UPDATEUSER`, `IS_ACTIVE`) VALUES ('12', '0', 'Female', '3', '2', '16', '/tmp/subaudio12.mp3', '0', '', '2018-7-15 00:00:00', 'admin', '2018-7-15 00:00:00', 'admin', '1');
INSERT INTO `t_sub_audio` (`ID_SUB_AUDIO`, `ID_SUB_TYPE`, `ID_SUB_ROLE`, `ID_AUDIO`, `ID_SUB_INDEX`, `ID_SUB_LENGTH`, `A_FILE_PATH`, `A_SIZE`, `A_RECOMMEND`, `CREATETIME`, `CREATEUSER`, `UPDATETIME`, `UPDATEUSER`, `IS_ACTIVE`) VALUES ('13', '0', 'Male', '3', '3', '17', '/tmp/subaudio13.mp3', '0', '', '2018-7-15 00:00:00', 'admin', '2018-7-15 00:00:00', 'admin', '1');
INSERT INTO `t_sub_audio` (`ID_SUB_AUDIO`, `ID_SUB_TYPE`, `ID_SUB_ROLE`, `ID_AUDIO`, `ID_SUB_INDEX`, `ID_SUB_LENGTH`, `A_FILE_PATH`, `A_SIZE`, `A_RECOMMEND`, `CREATETIME`, `CREATEUSER`, `UPDATETIME`, `UPDATEUSER`, `IS_ACTIVE`) VALUES ('14', '0', 'Female', '3', '4', '18', '/tmp/subaudio14.mp3', '0', '', '2018-7-15 00:00:00', 'admin', '2018-7-15 00:00:00', 'admin', '1');
INSERT INTO `t_sub_audio` (`ID_SUB_AUDIO`, `ID_SUB_TYPE`, `ID_SUB_ROLE`, `ID_AUDIO`, `ID_SUB_INDEX`, `ID_SUB_LENGTH`, `A_FILE_PATH`, `A_SIZE`, `A_RECOMMEND`, `CREATETIME`, `CREATEUSER`, `UPDATETIME`, `UPDATEUSER`, `IS_ACTIVE`) VALUES ('15', '0', 'Male', '3', '5', '19', '/tmp/subaudio15.mp3', '0', '', '2018-7-15 00:00:00', 'admin', '2018-7-15 00:00:00', 'admin', '1');
INSERT INTO `t_sub_audio` (`ID_SUB_AUDIO`, `ID_SUB_TYPE`, `ID_SUB_ROLE`, `ID_AUDIO`, `ID_SUB_INDEX`, `ID_SUB_LENGTH`, `A_FILE_PATH`, `A_SIZE`, `A_RECOMMEND`, `CREATETIME`, `CREATEUSER`, `UPDATETIME`, `UPDATEUSER`, `IS_ACTIVE`) VALUES ('16', '0', 'Female', '4', '0', '20', '/tmp/subaudio16.mp3', '0', '', '2018-7-15 00:00:00', 'admin', '2018-7-15 00:00:00', 'admin', '1');
INSERT INTO `t_sub_audio` (`ID_SUB_AUDIO`, `ID_SUB_TYPE`, `ID_SUB_ROLE`, `ID_AUDIO`, `ID_SUB_INDEX`, `ID_SUB_LENGTH`, `A_FILE_PATH`, `A_SIZE`, `A_RECOMMEND`, `CREATETIME`, `CREATEUSER`, `UPDATETIME`, `UPDATEUSER`, `IS_ACTIVE`) VALUES ('17', '0', 'Male', '4', '1', '21', '/tmp/subaudio17.mp3', '0', '', '2018-7-15 00:00:00', 'admin', '2018-7-15 00:00:00', 'admin', '1');
INSERT INTO `t_sub_audio` (`ID_SUB_AUDIO`, `ID_SUB_TYPE`, `ID_SUB_ROLE`, `ID_AUDIO`, `ID_SUB_INDEX`, `ID_SUB_LENGTH`, `A_FILE_PATH`, `A_SIZE`, `A_RECOMMEND`, `CREATETIME`, `CREATEUSER`, `UPDATETIME`, `UPDATEUSER`, `IS_ACTIVE`) VALUES ('18', '0', 'Female', '4', '2', '22', '/tmp/subaudio18.mp3', '0', '', '2018-7-15 00:00:00', 'admin', '2018-7-15 00:00:00', 'admin', '1');
INSERT INTO `t_sub_audio` (`ID_SUB_AUDIO`, `ID_SUB_TYPE`, `ID_SUB_ROLE`, `ID_AUDIO`, `ID_SUB_INDEX`, `ID_SUB_LENGTH`, `A_FILE_PATH`, `A_SIZE`, `A_RECOMMEND`, `CREATETIME`, `CREATEUSER`, `UPDATETIME`, `UPDATEUSER`, `IS_ACTIVE`) VALUES ('19', '0', 'Male', '5', '0', '23', '/tmp/subaudio19.mp3', '0', '', '2018-7-15 00:00:00', 'admin', '2018-7-15 00:00:00', 'admin', '1');
INSERT INTO `t_sub_audio` (`ID_SUB_AUDIO`, `ID_SUB_TYPE`, `ID_SUB_ROLE`, `ID_AUDIO`, `ID_SUB_INDEX`, `ID_SUB_LENGTH`, `A_FILE_PATH`, `A_SIZE`, `A_RECOMMEND`, `CREATETIME`, `CREATEUSER`, `UPDATETIME`, `UPDATEUSER`, `IS_ACTIVE`) VALUES ('20', '0', 'Female', '5', '1', '24', '/tmp/subaudio20.mp3', '0', '', '2018-7-15 00:00:00', 'admin', '2018-7-15 00:00:00', 'admin', '1');


INSERT INTO `t_wxuser` (`ID_WXUSER`, `U_OPENID`, `U_NICKNAME`, `U_PROVINCE`, `U_COUNTRY`, `U_CITY`, `U_AVATARURL`, `U_GENDER`, `CREATETIME`, `CREATEUSER`, `UPDATETIME`, `UPDATEUSER`, `IS_ACTIVE`) VALUES ('1', 'oP4Lb4iuMkMMTM3nhLcMfdnGrFmo', '李俊澎', 'Liaoning', 'China', 'Dalian', 'https://wx.qlogo.cn/mmopen/vi_32/DYAIOgq83eqHwc1CRN3a53Dyt3WibFlkgrMTSjv4zHqdD7libm0IRX1R54mhKXXCpGZcDbCXWlpxqdBqLkUp5MwA/132', '1', '2018-7-15 00:00:00', 'admin', '2018-7-15 00:00:00', 'admin', '1');
INSERT INTO `t_wxuser` (`ID_WXUSER`, `U_OPENID`, `U_NICKNAME`, `U_PROVINCE`, `U_COUNTRY`, `U_CITY`, `U_AVATARURL`, `U_GENDER`, `CREATETIME`, `CREATEUSER`, `UPDATETIME`, `UPDATEUSER`, `IS_ACTIVE`) VALUES ('2', 'oP4Lb4iuMkMMTM3nhLcMfdnGrFDo', '李俊澎1', 'Liaoning1', 'China1', 'Dalian1', 'https://wx.qlogo.cn/mmopen/vi_32/DYAIOgq83eqHwc1CRN3a53Dyt3WibFlkgrMTSjv4zHqdD7libm0IRX1R54mhKXXCpGZcDbCXWlpxqdBqLkUp5MwA/133', '0', '2018-7-15 00:00:00', 'admin', '2018-7-15 00:00:00', 'admin', '1');
INSERT INTO `t_wxuser` (`ID_WXUSER`, `U_OPENID`, `U_NICKNAME`, `U_PROVINCE`, `U_COUNTRY`, `U_CITY`, `U_AVATARURL`, `U_GENDER`, `CREATETIME`, `CREATEUSER`, `UPDATETIME`, `UPDATEUSER`, `IS_ACTIVE`) VALUES ('3', 'oP4Lb4iuMkMMTM3nhLcMfdnGrFCo', '李俊澎2', 'Liaoning2', 'China2', 'Dalian2', 'https://wx.qlogo.cn/mmopen/vi_32/DYAIOgq83eqHwc1CRN3a53Dyt3WibFlkgrMTSjv4zHqdD7libm0IRX1R54mhKXXCpGZcDbCXWlpxqdBqLkUp5MwA/134', '1', '2018-7-15 00:00:00', 'admin', '2018-7-15 00:00:00', 'admin', '1');

INSERT INTO `t_recording` (`ID_RECORDING`, `ID_SUB_AUDIO`, `ID_WXUSER`, `R_SEQ_NO`, `R_RECORD_TIME`, `R_FILE_PATH`, `R_FILE_SIZE`, `R_CLIENTIP`, `R_CLIENTAPP`, `CREATETIME`, `CREATEUSER`, `UPDATETIME`, `UPDATEUSER`, `IS_ACTIVE`) VALUES ('1', '1', '1', '1', '2018-6-12 00:00:00', '/tmp/recording/recording1.mp3', '', '', '', '2018-7-15 00:00:00', 'admin', '2018-7-15 00:00:00', 'admin', '1');
INSERT INTO `t_recording` (`ID_RECORDING`, `ID_SUB_AUDIO`, `ID_WXUSER`, `R_SEQ_NO`, `R_RECORD_TIME`, `R_FILE_PATH`, `R_FILE_SIZE`, `R_CLIENTIP`, `R_CLIENTAPP`, `CREATETIME`, `CREATEUSER`, `UPDATETIME`, `UPDATEUSER`, `IS_ACTIVE`) VALUES ('2', '2', '1', '1', '2018-6-13 00:00:00', '/tmp/recording/recording2.mp3', '', '', '', '2018-7-15 00:00:00', 'admin', '2018-7-15 00:00:00', 'admin', '1');
INSERT INTO `t_recording` (`ID_RECORDING`, `ID_SUB_AUDIO`, `ID_WXUSER`, `R_SEQ_NO`, `R_RECORD_TIME`, `R_FILE_PATH`, `R_FILE_SIZE`, `R_CLIENTIP`, `R_CLIENTAPP`, `CREATETIME`, `CREATEUSER`, `UPDATETIME`, `UPDATEUSER`, `IS_ACTIVE`) VALUES ('3', '3', '1', '1', '2018-6-14 00:00:00', '/tmp/recording/recording3.mp3', '', '', '', '2018-7-15 00:00:00', 'admin', '2018-7-15 00:00:00', 'admin', '1');
INSERT INTO `t_recording` (`ID_RECORDING`, `ID_SUB_AUDIO`, `ID_WXUSER`, `R_SEQ_NO`, `R_RECORD_TIME`, `R_FILE_PATH`, `R_FILE_SIZE`, `R_CLIENTIP`, `R_CLIENTAPP`, `CREATETIME`, `CREATEUSER`, `UPDATETIME`, `UPDATEUSER`, `IS_ACTIVE`) VALUES ('4', '4', '1', '1', '2018-6-15 00:00:00', '/tmp/recording/recording4.mp3', '', '', '', '2018-7-15 00:00:00', 'admin', '2018-7-15 00:00:00', 'admin', '1');
INSERT INTO `t_recording` (`ID_RECORDING`, `ID_SUB_AUDIO`, `ID_WXUSER`, `R_SEQ_NO`, `R_RECORD_TIME`, `R_FILE_PATH`, `R_FILE_SIZE`, `R_CLIENTIP`, `R_CLIENTAPP`, `CREATETIME`, `CREATEUSER`, `UPDATETIME`, `UPDATEUSER`, `IS_ACTIVE`) VALUES ('5', '5', '1', '1', '2018-6-16 00:00:00', '/tmp/recording/recording5.mp3', '', '', '', '2018-7-15 00:00:00', 'admin', '2018-7-15 00:00:00', 'admin', '1');
INSERT INTO `t_recording` (`ID_RECORDING`, `ID_SUB_AUDIO`, `ID_WXUSER`, `R_SEQ_NO`, `R_RECORD_TIME`, `R_FILE_PATH`, `R_FILE_SIZE`, `R_CLIENTIP`, `R_CLIENTAPP`, `CREATETIME`, `CREATEUSER`, `UPDATETIME`, `UPDATEUSER`, `IS_ACTIVE`) VALUES ('6', '6', '1', '1', '2018-6-17 00:00:00', '/tmp/recording/recording6.mp3', '', '', '', '2018-7-15 00:00:00', 'admin', '2018-7-15 00:00:00', 'admin', '1');
INSERT INTO `t_recording` (`ID_RECORDING`, `ID_SUB_AUDIO`, `ID_WXUSER`, `R_SEQ_NO`, `R_RECORD_TIME`, `R_FILE_PATH`, `R_FILE_SIZE`, `R_CLIENTIP`, `R_CLIENTAPP`, `CREATETIME`, `CREATEUSER`, `UPDATETIME`, `UPDATEUSER`, `IS_ACTIVE`) VALUES ('7', '7', '1', '1', '2018-6-18 00:00:00', '/tmp/recording/recording7.mp3', '', '', '', '2018-7-15 00:00:00', 'admin', '2018-7-15 00:00:00', 'admin', '1');
INSERT INTO `t_recording` (`ID_RECORDING`, `ID_SUB_AUDIO`, `ID_WXUSER`, `R_SEQ_NO`, `R_RECORD_TIME`, `R_FILE_PATH`, `R_FILE_SIZE`, `R_CLIENTIP`, `R_CLIENTAPP`, `CREATETIME`, `CREATEUSER`, `UPDATETIME`, `UPDATEUSER`, `IS_ACTIVE`) VALUES ('8', '8', '1', '1', '2018-6-19 00:00:00', '/tmp/recording/recording8.mp3', '', '', '', '2018-7-15 00:00:00', 'admin', '2018-7-15 00:00:00', 'admin', '1');
INSERT INTO `t_recording` (`ID_RECORDING`, `ID_SUB_AUDIO`, `ID_WXUSER`, `R_SEQ_NO`, `R_RECORD_TIME`, `R_FILE_PATH`, `R_FILE_SIZE`, `R_CLIENTIP`, `R_CLIENTAPP`, `CREATETIME`, `CREATEUSER`, `UPDATETIME`, `UPDATEUSER`, `IS_ACTIVE`) VALUES ('9', '9', '1', '1', '2018-6-20 00:00:00', '/tmp/recording/recording9.mp3', '', '', '', '2018-7-15 00:00:00', 'admin', '2018-7-15 00:00:00', 'admin', '1');
INSERT INTO `t_recording` (`ID_RECORDING`, `ID_SUB_AUDIO`, `ID_WXUSER`, `R_SEQ_NO`, `R_RECORD_TIME`, `R_FILE_PATH`, `R_FILE_SIZE`, `R_CLIENTIP`, `R_CLIENTAPP`, `CREATETIME`, `CREATEUSER`, `UPDATETIME`, `UPDATEUSER`, `IS_ACTIVE`) VALUES ('10', '1', '1', '2', '2018-6-21 00:00:00', '/tmp/recording/recording10.mp3', '', '', '', '2018-7-15 00:00:00', 'admin', '2018-7-15 00:00:00', 'admin', '1');
INSERT INTO `t_recording` (`ID_RECORDING`, `ID_SUB_AUDIO`, `ID_WXUSER`, `R_SEQ_NO`, `R_RECORD_TIME`, `R_FILE_PATH`, `R_FILE_SIZE`, `R_CLIENTIP`, `R_CLIENTAPP`, `CREATETIME`, `CREATEUSER`, `UPDATETIME`, `UPDATEUSER`, `IS_ACTIVE`) VALUES ('11', '2', '1', '2', '2018-6-22 00:00:00', '/tmp/recording/recording11.mp3', '', '', '', '2018-7-15 00:00:00', 'admin', '2018-7-15 00:00:00', 'admin', '1');
INSERT INTO `t_recording` (`ID_RECORDING`, `ID_SUB_AUDIO`, `ID_WXUSER`, `R_SEQ_NO`, `R_RECORD_TIME`, `R_FILE_PATH`, `R_FILE_SIZE`, `R_CLIENTIP`, `R_CLIENTAPP`, `CREATETIME`, `CREATEUSER`, `UPDATETIME`, `UPDATEUSER`, `IS_ACTIVE`) VALUES ('12', '3', '1', '2', '2018-6-23 00:00:00', '/tmp/recording/recording12.mp3', '', '', '', '2018-7-15 00:00:00', 'admin', '2018-7-15 00:00:00', 'admin', '1');
INSERT INTO `t_recording` (`ID_RECORDING`, `ID_SUB_AUDIO`, `ID_WXUSER`, `R_SEQ_NO`, `R_RECORD_TIME`, `R_FILE_PATH`, `R_FILE_SIZE`, `R_CLIENTIP`, `R_CLIENTAPP`, `CREATETIME`, `CREATEUSER`, `UPDATETIME`, `UPDATEUSER`, `IS_ACTIVE`) VALUES ('13', '5', '1', '2', '2018-6-24 00:00:00', '/tmp/recording/recording13.mp3', '', '', '', '2018-7-15 00:00:00', 'admin', '2018-7-15 00:00:00', 'admin', '1');
INSERT INTO `t_recording` (`ID_RECORDING`, `ID_SUB_AUDIO`, `ID_WXUSER`, `R_SEQ_NO`, `R_RECORD_TIME`, `R_FILE_PATH`, `R_FILE_SIZE`, `R_CLIENTIP`, `R_CLIENTAPP`, `CREATETIME`, `CREATEUSER`, `UPDATETIME`, `UPDATEUSER`, `IS_ACTIVE`) VALUES ('14', '6', '1', '2', '2018-6-25 00:00:00', '/tmp/recording/recording14.mp3', '', '', '', '2018-7-15 00:00:00', 'admin', '2018-7-15 00:00:00', 'admin', '1');
INSERT INTO `t_recording` (`ID_RECORDING`, `ID_SUB_AUDIO`, `ID_WXUSER`, `R_SEQ_NO`, `R_RECORD_TIME`, `R_FILE_PATH`, `R_FILE_SIZE`, `R_CLIENTIP`, `R_CLIENTAPP`, `CREATETIME`, `CREATEUSER`, `UPDATETIME`, `UPDATEUSER`, `IS_ACTIVE`) VALUES ('15', '8', '1', '2', '2018-6-26 00:00:00', '/tmp/recording/recording15.mp3', '', '', '', '2018-7-15 00:00:00', 'admin', '2018-7-15 00:00:00', 'admin', '1');
INSERT INTO `t_recording` (`ID_RECORDING`, `ID_SUB_AUDIO`, `ID_WXUSER`, `R_SEQ_NO`, `R_RECORD_TIME`, `R_FILE_PATH`, `R_FILE_SIZE`, `R_CLIENTIP`, `R_CLIENTAPP`, `CREATETIME`, `CREATEUSER`, `UPDATETIME`, `UPDATEUSER`, `IS_ACTIVE`) VALUES ('16', '9', '1', '2', '2018-6-27 00:00:00', '/tmp/recording/recording16.mp3', '', '', '', '2018-7-15 00:00:00', 'admin', '2018-7-15 00:00:00', 'admin', '1');
INSERT INTO `t_recording` (`ID_RECORDING`, `ID_SUB_AUDIO`, `ID_WXUSER`, `R_SEQ_NO`, `R_RECORD_TIME`, `R_FILE_PATH`, `R_FILE_SIZE`, `R_CLIENTIP`, `R_CLIENTAPP`, `CREATETIME`, `CREATEUSER`, `UPDATETIME`, `UPDATEUSER`, `IS_ACTIVE`) VALUES ('17', '1', '2', '1', '2018-6-28 00:00:00', '/tmp/recording/recording17.mp3', '', '', '', '2018-7-15 00:00:00', 'admin', '2018-7-15 00:00:00', 'admin', '1');
INSERT INTO `t_recording` (`ID_RECORDING`, `ID_SUB_AUDIO`, `ID_WXUSER`, `R_SEQ_NO`, `R_RECORD_TIME`, `R_FILE_PATH`, `R_FILE_SIZE`, `R_CLIENTIP`, `R_CLIENTAPP`, `CREATETIME`, `CREATEUSER`, `UPDATETIME`, `UPDATEUSER`, `IS_ACTIVE`) VALUES ('18', '2', '2', '1', '2018-6-29 00:00:00', '/tmp/recording/recording18.mp3', '', '', '', '2018-7-15 00:00:00', 'admin', '2018-7-15 00:00:00', 'admin', '1');
INSERT INTO `t_recording` (`ID_RECORDING`, `ID_SUB_AUDIO`, `ID_WXUSER`, `R_SEQ_NO`, `R_RECORD_TIME`, `R_FILE_PATH`, `R_FILE_SIZE`, `R_CLIENTIP`, `R_CLIENTAPP`, `CREATETIME`, `CREATEUSER`, `UPDATETIME`, `UPDATEUSER`, `IS_ACTIVE`) VALUES ('19', '3', '2', '1', '2018-6-30 00:00:00', '/tmp/recording/recording19.mp3', '', '', '', '2018-7-15 00:00:00', 'admin', '2018-7-15 00:00:00', 'admin', '1');
INSERT INTO `t_recording` (`ID_RECORDING`, `ID_SUB_AUDIO`, `ID_WXUSER`, `R_SEQ_NO`, `R_RECORD_TIME`, `R_FILE_PATH`, `R_FILE_SIZE`, `R_CLIENTIP`, `R_CLIENTAPP`, `CREATETIME`, `CREATEUSER`, `UPDATETIME`, `UPDATEUSER`, `IS_ACTIVE`) VALUES ('20', '4', '2', '1', '2018-7-1 00:00:00', '/tmp/recording/recording20.mp3', '', '', '', '2018-7-15 00:00:00', 'admin', '2018-7-15 00:00:00', 'admin', '1');
INSERT INTO `t_recording` (`ID_RECORDING`, `ID_SUB_AUDIO`, `ID_WXUSER`, `R_SEQ_NO`, `R_RECORD_TIME`, `R_FILE_PATH`, `R_FILE_SIZE`, `R_CLIENTIP`, `R_CLIENTAPP`, `CREATETIME`, `CREATEUSER`, `UPDATETIME`, `UPDATEUSER`, `IS_ACTIVE`) VALUES ('21', '5', '2', '1', '2018-7-2 00:00:00', '/tmp/recording/recording21.mp3', '', '', '', '2018-7-15 00:00:00', 'admin', '2018-7-15 00:00:00', 'admin', '1');
